shiyanlou-docs,2019-01-26T05:34:14Z
library,2019-01-26T01:58:13Z
louplus-dm,2019-01-25T02:03:56Z
louplus-ml,2019-01-14T05:30:49Z
louplus-python,2019-01-08T10:11:20Z
louplus-linux,2018-11-08T03:33:27Z
louplus-bigdata,2018-09-05T05:17:48Z
lou_challenge_ele,2018-08-14T08:22:03Z
php-crawler,2018-07-11T10:07:13Z
louplus-php7,2018-07-11T09:33:22Z
trojan,2017-06-20T11:10:55Z
jekyll-bootstrap,2017-06-07T00:33:44Z
shiyanlou_cs409,2017-06-07T00:33:37Z
cssfinaltest,2017-06-07T00:33:32Z
shiyanlou_cs573,2017-06-07T00:33:26Z
php-server,2017-06-07T00:33:20Z
node-red,2017-06-07T00:33:07Z
scrapy-weather,2017-06-07T00:32:58Z
shiyanlou_cs31,2017-06-07T00:30:09Z
contact,2017-06-07T00:27:11Z
shiyanlou_cs382,2017-06-07T00:06:53Z
flask,2017-06-07T00:06:11Z
termbox-go,2017-06-07T00:05:53Z
shiyanlou_cs549,2017-06-07T00:02:26Z
node-red-ifttt,2017-06-07T00:02:14Z
sms,2017-06-07T00:02:06Z
js-minesweeper,2017-06-07T00:01:57Z
mininet,2017-06-06T22:21:24Z
saepythondevguide,2017-06-06T22:21:16Z
tcp_ip_5,2017-06-06T22:21:10Z
